index,Date,Open,High,Low,Close,Volume,Dividends,Stock Splits,Symbol,Company,Sector
0,2025-02-24 00:00:00-05:00,338.1400146484375,342.3999938964844,324.70001220703125,330.5299987792969,76052300,0.0,0.0,TSLA,"Tesla, Inc.",Consumer Cyclical
1,2025-02-25 00:00:00-05:00,327.0199890136719,328.8900146484375,297.25,302.79998779296875,134228800,0.0,0.0,TSLA,"Tesla, Inc.",Consumer Cyclical
2,2025-02-26 00:00:00-05:00,303.7099914550781,309.0,288.0400085449219,290.79998779296875,100118300,0.0,0.0,TSLA,"Tesla, Inc.",Consumer Cyclical
3,2025-02-27 00:00:00-05:00,291.1600036621094,297.2300109863281,280.8800048828125,281.95001220703125,101748200,0.0,0.0,TSLA,"Tesla, Inc.",Consumer Cyclical
4,2025-02-28 00:00:00-05:00,279.5,293.8800048828125,273.6000061035156,292.9800109863281,115697000,0.0,0.0,TSLA,"Tesla, Inc.",Consumer Cyclical
5,2025-03-03 00:00:00-05:00,300.3399963378906,303.94000244140625,277.29998779296875,284.6499938964844,115551400,0.0,0.0,TSLA,"Tesla, Inc.",Consumer Cyclical
6,2025-03-04 00:00:00-05:00,270.92999267578125,284.3500061035156,261.8399963378906,272.0400085449219,126706600,0.0,0.0,TSLA,"Tesla, Inc.",Consumer Cyclical
7,2025-03-05 00:00:00-05:00,272.9200134277344,279.54998779296875,267.7099914550781,279.1000061035156,94042900,0.0,0.0,TSLA,"Tesla, Inc.",Consumer Cyclical
8,2025-03-06 00:00:00-05:00,272.05999755859375,272.6499938964844,260.0199890136719,263.45001220703125,98451600,0.0,0.0,TSLA,"Tesla, Inc.",Consumer Cyclical
9,2025-03-07 00:00:00-05:00,259.32000732421875,266.25,250.72999572753906,262.6700134277344,102369600,0.0,0.0,TSLA,"Tesla, Inc.",Consumer Cyclical
10,2025-03-10 00:00:00-04:00,252.5399932861328,253.3699951171875,220.0,222.14999389648438,189076900,0.0,0.0,TSLA,"Tesla, Inc.",Consumer Cyclical
11,2025-03-11 00:00:00-04:00,225.30999755859375,237.05999755859375,217.02000427246094,230.5800018310547,174896400,0.0,0.0,TSLA,"Tesla, Inc.",Consumer Cyclical
12,2025-03-12 00:00:00-04:00,247.22000122070312,251.83999633789062,241.10000610351562,248.08999633789062,142215700,0.0,0.0,TSLA,"Tesla, Inc.",Consumer Cyclical
13,2025-03-13 00:00:00-04:00,248.1300048828125,248.2899932861328,232.60000610351562,240.67999267578125,114813500,0.0,0.0,TSLA,"Tesla, Inc.",Consumer Cyclical
14,2025-03-14 00:00:00-04:00,247.30999755859375,251.5800018310547,240.72999572753906,249.97999572753906,100242300,0.0,0.0,TSLA,"Tesla, Inc.",Consumer Cyclical
15,2025-03-17 00:00:00-04:00,245.05999755859375,245.39999389648438,232.8000030517578,238.00999450683594,111900600,0.0,0.0,TSLA,"Tesla, Inc.",Consumer Cyclical
16,2025-03-18 00:00:00-04:00,228.16000366210938,230.10000610351562,222.27999877929688,225.30999755859375,111477600,0.0,0.0,TSLA,"Tesla, Inc.",Consumer Cyclical
17,2025-03-19 00:00:00-04:00,231.61000061035156,241.41000366210938,229.1999969482422,235.86000061035156,111993800,0.0,0.0,TSLA,"Tesla, Inc.",Consumer Cyclical
18,2025-03-20 00:00:00-04:00,233.35000610351562,238.0,230.0500030517578,236.25999450683594,99028300,0.0,0.0,TSLA,"Tesla, Inc.",Consumer Cyclical
19,2025-03-21 00:00:00-04:00,234.99000549316406,249.52000427246094,234.5500030517578,248.7100067138672,132728700,0.0,0.0,TSLA,"Tesla, Inc.",Consumer Cyclical
20,2025-03-24 00:00:00-04:00,258.0799865722656,278.6400146484375,256.3299865722656,278.3900146484375,169079900,0.0,0.0,TSLA,"Tesla, Inc.",Consumer Cyclical
21,2025-03-25 00:00:00-04:00,283.6000061035156,288.20001220703125,271.2799987792969,288.1400146484375,150361500,0.0,0.0,TSLA,"Tesla, Inc.",Consumer Cyclical
22,2025-03-26 00:00:00-04:00,282.6600036621094,284.8999938964844,266.510009765625,272.05999755859375,153629800,0.0,0.0,TSLA,"Tesla, Inc.",Consumer Cyclical
23,2025-03-27 00:00:00-04:00,272.4800109863281,291.8500061035156,271.82000732421875,273.1300048828125,162572100,0.0,0.0,TSLA,"Tesla, Inc.",Consumer Cyclical
24,2025-03-28 00:00:00-04:00,275.5799865722656,276.1000061035156,260.57000732421875,263.54998779296875,123809400,0.0,0.0,TSLA,"Tesla, Inc.",Consumer Cyclical
25,2025-03-31 00:00:00-04:00,249.30999755859375,260.55999755859375,243.36000061035156,259.1600036621094,134008900,0.0,0.0,TSLA,"Tesla, Inc.",Consumer Cyclical
26,2025-04-01 00:00:00-04:00,263.79998779296875,277.45001220703125,259.25,268.4599914550781,146486900,0.0,0.0,TSLA,"Tesla, Inc.",Consumer Cyclical
27,2025-04-02 00:00:00-04:00,254.60000610351562,284.989990234375,251.27000427246094,282.760009765625,212787800,0.0,0.0,TSLA,"Tesla, Inc.",Consumer Cyclical
28,2025-04-03 00:00:00-04:00,265.2900085449219,276.29998779296875,261.510009765625,267.2799987792969,136174300,0.0,0.0,TSLA,"Tesla, Inc.",Consumer Cyclical
29,2025-04-04 00:00:00-04:00,255.3800048828125,261.0,236.0,239.42999267578125,181229400,0.0,0.0,TSLA,"Tesla, Inc.",Consumer Cyclical
30,2025-04-07 00:00:00-04:00,223.77999877929688,252.0,214.25,233.2899932861328,183453800,0.0,0.0,TSLA,"Tesla, Inc.",Consumer Cyclical
31,2025-04-08 00:00:00-04:00,245.0,250.44000244140625,217.8000030517578,221.86000061035156,171603500,0.0,0.0,TSLA,"Tesla, Inc.",Consumer Cyclical
32,2025-04-09 00:00:00-04:00,224.69000244140625,274.69000244140625,223.8800048828125,272.20001220703125,219433400,0.0,0.0,TSLA,"Tesla, Inc.",Consumer Cyclical
33,2025-04-10 00:00:00-04:00,260.0,262.489990234375,239.3300018310547,252.39999389648438,181722600,0.0,0.0,TSLA,"Tesla, Inc.",Consumer Cyclical
34,2025-04-11 00:00:00-04:00,251.83999633789062,257.739990234375,241.36000061035156,252.30999755859375,128948100,0.0,0.0,TSLA,"Tesla, Inc.",Consumer Cyclical
35,2025-04-14 00:00:00-04:00,258.3599853515625,261.79998779296875,245.92999267578125,252.35000610351562,100135200,0.0,0.0,TSLA,"Tesla, Inc.",Consumer Cyclical
36,2025-04-15 00:00:00-04:00,249.91000366210938,258.75,247.5399932861328,254.11000061035156,79594300,0.0,0.0,TSLA,"Tesla, Inc.",Consumer Cyclical
37,2025-04-16 00:00:00-04:00,247.61000061035156,251.97000122070312,233.88999938964844,241.5500030517578,112378700,0.0,0.0,TSLA,"Tesla, Inc.",Consumer Cyclical
38,2025-04-17 00:00:00-04:00,243.47000122070312,244.33999633789062,237.67999267578125,241.3699951171875,83404800,0.0,0.0,TSLA,"Tesla, Inc.",Consumer Cyclical
39,2025-04-21 00:00:00-04:00,230.25999450683594,232.2100067138672,222.7899932861328,227.5,97768000,0.0,0.0,TSLA,"Tesla, Inc.",Consumer Cyclical
40,2025-04-22 00:00:00-04:00,230.9600067138672,242.7899932861328,229.85000610351562,237.97000122070312,120858500,0.0,0.0,TSLA,"Tesla, Inc.",Consumer Cyclical
41,2025-04-23 00:00:00-04:00,254.86000061035156,259.45001220703125,244.42999267578125,250.74000549316406,150381900,0.0,0.0,TSLA,"Tesla, Inc.",Consumer Cyclical
42,2025-04-24 00:00:00-04:00,250.5,259.5400085449219,249.1999969482422,259.510009765625,94464200,0.0,0.0,TSLA,"Tesla, Inc.",Consumer Cyclical
43,2025-04-25 00:00:00-04:00,261.69000244140625,286.8500061035156,259.6300048828125,284.95001220703125,167560700,0.0,0.0,TSLA,"Tesla, Inc.",Consumer Cyclical
44,2025-04-28 00:00:00-04:00,288.9800109863281,294.8599853515625,272.4200134277344,285.8800048828125,151731800,0.0,0.0,TSLA,"Tesla, Inc.",Consumer Cyclical
45,2025-04-29 00:00:00-04:00,285.5,293.32000732421875,279.4700012207031,292.0299987792969,108906600,0.0,0.0,TSLA,"Tesla, Inc.",Consumer Cyclical
46,2025-04-30 00:00:00-04:00,279.8999938964844,284.45001220703125,270.7799987792969,282.1600036621094,128961100,0.0,0.0,TSLA,"Tesla, Inc.",Consumer Cyclical
47,2025-05-01 00:00:00-04:00,280.010009765625,290.8699951171875,279.80999755859375,280.5199890136719,99659000,0.0,0.0,TSLA,"Tesla, Inc.",Consumer Cyclical
48,2025-05-02 00:00:00-04:00,284.8999938964844,294.7799987792969,279.80999755859375,287.2099914550781,114454700,0.0,0.0,TSLA,"Tesla, Inc.",Consumer Cyclical
49,2025-05-05 00:00:00-04:00,284.57000732421875,284.8500061035156,274.3999938964844,280.260009765625,94618900,0.0,0.0,TSLA,"Tesla, Inc.",Consumer Cyclical
50,2025-05-06 00:00:00-04:00,273.1099853515625,277.7300109863281,271.3500061035156,275.3500061035156,76715800,0.0,0.0,TSLA,"Tesla, Inc.",Consumer Cyclical
51,2025-05-07 00:00:00-04:00,276.8800048828125,277.9200134277344,271.0,276.2200012207031,71592600,0.0,0.0,TSLA,"Tesla, Inc.",Consumer Cyclical
52,2025-05-08 00:00:00-04:00,279.6300048828125,289.79998779296875,279.4100036621094,284.82000732421875,97539400,0.0,0.0,TSLA,"Tesla, Inc.",Consumer Cyclical
53,2025-05-09 00:00:00-04:00,290.2099914550781,307.0400085449219,290.0,298.260009765625,132387800,0.0,0.0,TSLA,"Tesla, Inc.",Consumer Cyclical
54,2025-05-12 00:00:00-04:00,321.989990234375,322.2099914550781,311.5,318.3800048828125,112826700,0.0,0.0,TSLA,"Tesla, Inc.",Consumer Cyclical
55,2025-05-13 00:00:00-04:00,320.0,337.5899963378906,316.79998779296875,334.07000732421875,136992600,0.0,0.0,TSLA,"Tesla, Inc.",Consumer Cyclical
56,2025-05-14 00:00:00-04:00,342.5,350.0,337.0,347.67999267578125,136997300,0.0,0.0,TSLA,"Tesla, Inc.",Consumer Cyclical
57,2025-05-15 00:00:00-04:00,340.3399963378906,346.1400146484375,334.7200012207031,342.82000732421875,97882600,0.0,0.0,TSLA,"Tesla, Inc.",Consumer Cyclical
58,2025-05-16 00:00:00-04:00,346.239990234375,351.6199951171875,342.3299865722656,349.9800109863281,95895700,0.0,0.0,TSLA,"Tesla, Inc.",Consumer Cyclical
59,2025-05-19 00:00:00-04:00,336.29998779296875,343.0,333.3699951171875,342.0899963378906,88869900,0.0,0.0,TSLA,"Tesla, Inc.",Consumer Cyclical
60,2025-05-20 00:00:00-04:00,347.8699951171875,354.989990234375,341.6300048828125,343.82000732421875,131715500,0.0,0.0,TSLA,"Tesla, Inc.",Consumer Cyclical
61,2025-05-21 00:00:00-04:00,344.42999267578125,347.3500061035156,332.20001220703125,334.6199951171875,102354800,0.0,0.0,TSLA,"Tesla, Inc.",Consumer Cyclical
62,2025-05-22 00:00:00-04:00,331.8999938964844,347.2699890136719,331.3900146484375,341.0400085449219,97113400,0.0,0.0,TSLA,"Tesla, Inc.",Consumer Cyclical
63,2025-05-23 00:00:00-04:00,337.9200134277344,343.17999267578125,333.2099914550781,339.3399963378906,84439200,0.0,0.0,TSLA,"Tesla, Inc.",Consumer Cyclical
